"Estado","Produto","Ano_Teste","Modelo","preprocess","R2_Treino","R2_Teste","Ordem","best_sw","input_size","nhid","actfun","kernel","epsilon","cost","size","decay","maxit","epochs"
"SP","hydrous",2019,"ARIMA",NA,0.815320395451917,0.465765945061762,"ARIMA(2,0,1)",NA,NA,NA,NA,NA,NA,NA,NA,NA,NA,NA
"SP","hydrous",2020,"ARIMA",NA,0.825501916722168,0.460852724121685,"ARIMA(2,0,1)",NA,NA,NA,NA,NA,NA,NA,NA,NA,NA,NA
"SP","hydrous",2021,"ARIMA",NA,0.827969736090883,0.763660459252322,"ARIMA(2,0,1)",NA,NA,NA,NA,NA,NA,NA,NA,NA,NA,NA
"SP","hydrous",2022,"ARIMA",NA,0.829531003425693,0.597560298837246,"ARIMA(2,0,1)",NA,NA,NA,NA,NA,NA,NA,NA,NA,NA,NA
"SP","hydrous",2023,"ARIMA",NA,0.825739471917531,0.757696366187137,"ARIMA(2,0,1)",NA,NA,NA,NA,NA,NA,NA,NA,NA,NA,NA
"SP","anhydrous",2019,"ARIMA",NA,0.889872353612729,0.605088020669921,"ARIMA(4,0,1)",NA,NA,NA,NA,NA,NA,NA,NA,NA,NA,NA
"SP","anhydrous",2020,"ARIMA",NA,0.881573342957764,0.783497086094699,"ARIMA(4,0,1)",NA,NA,NA,NA,NA,NA,NA,NA,NA,NA,NA
"SP","anhydrous",2021,"ARIMA",NA,0.874918288526425,0.910234502679431,"ARIMA(4,0,1)",NA,NA,NA,NA,NA,NA,NA,NA,NA,NA,NA
"SP","anhydrous",2022,"ARIMA",NA,0.880252390338645,0.739473138662044,"ARIMA(4,0,1)",NA,NA,NA,NA,NA,NA,NA,NA,NA,NA,NA
"SP","anhydrous",2023,"ARIMA",NA,0.876664414497661,0.909356212494544,"ARIMA(4,0,1)",NA,NA,NA,NA,NA,NA,NA,NA,NA,NA,NA
"GO","hydrous",2019,"ARIMA",NA,0.933019435200415,0.718554395488013,"ARIMA(2,0,2)",NA,NA,NA,NA,NA,NA,NA,NA,NA,NA,NA
"GO","hydrous",2020,"ARIMA",NA,0.935629003115665,0.602207630384784,"ARIMA(2,0,2)",NA,NA,NA,NA,NA,NA,NA,NA,NA,NA,NA
"GO","hydrous",2021,"ARIMA",NA,0.936004400045905,0.778016662063915,"ARIMA(2,0,2)",NA,NA,NA,NA,NA,NA,NA,NA,NA,NA,NA
"GO","hydrous",2022,"ARIMA",NA,0.936141596300589,0.940967313415406,"ARIMA(2,0,2)",NA,NA,NA,NA,NA,NA,NA,NA,NA,NA,NA
"GO","hydrous",2023,"ARIMA",NA,0.937832559422954,0.937207902569366,"ARIMA(2,0,2)",NA,NA,NA,NA,NA,NA,NA,NA,NA,NA,NA
"GO","anhydrous",2019,"ARIMA",NA,0.858571586910792,0.0906101883236845,"ARIMA(5,0,0)",NA,NA,NA,NA,NA,NA,NA,NA,NA,NA,NA
"GO","anhydrous",2020,"ARIMA",NA,0.838590195227158,0.779593583223331,"ARIMA(5,0,0)",NA,NA,NA,NA,NA,NA,NA,NA,NA,NA,NA
"GO","anhydrous",2021,"ARIMA",NA,0.853606017404817,0.785489376731063,"ARIMA(5,0,0)",NA,NA,NA,NA,NA,NA,NA,NA,NA,NA,NA
"GO","anhydrous",2022,"ARIMA",NA,0.861012248957791,0.839530778745099,"ARIMA(5,0,0)",NA,NA,NA,NA,NA,NA,NA,NA,NA,NA,NA
"GO","anhydrous",2023,"ARIMA",NA,0.853718558172361,0.854713787977989,"ARIMA(5,0,0)",NA,NA,NA,NA,NA,NA,NA,NA,NA,NA,NA
"MG","hydrous",2019,"ARIMA",NA,0.877523231155148,0.577967075946463,"ARIMA(2,0,2)",NA,NA,NA,NA,NA,NA,NA,NA,NA,NA,NA
"MG","hydrous",2020,"ARIMA",NA,0.876626023368085,0.480375787491717,"ARIMA(2,0,1)",NA,NA,NA,NA,NA,NA,NA,NA,NA,NA,NA
"MG","hydrous",2021,"ARIMA",NA,0.882999962957533,0.777439962602795,"ARIMA(2,0,2)",NA,NA,NA,NA,NA,NA,NA,NA,NA,NA,NA
"MG","hydrous",2022,"ARIMA",NA,0.879810737343614,0.917634270322448,"ARIMA(2,0,2)",NA,NA,NA,NA,NA,NA,NA,NA,NA,NA,NA
"MG","hydrous",2023,"ARIMA",NA,0.881943191356868,0.818751426242184,"ARIMA(2,0,2)",NA,NA,NA,NA,NA,NA,NA,NA,NA,NA,NA
"MG","anhydrous",2019,"ARIMA",NA,0.906004661411041,0.790187482075208,"ARIMA(5,0,0)",NA,NA,NA,NA,NA,NA,NA,NA,NA,NA,NA
"MG","anhydrous",2020,"ARIMA",NA,0.909694302019608,0.866970002375272,"ARIMA(5,0,0)",NA,NA,NA,NA,NA,NA,NA,NA,NA,NA,NA
"MG","anhydrous",2021,"ARIMA",NA,0.903298398717735,0.903694108358343,"ARIMA(5,0,0)",NA,NA,NA,NA,NA,NA,NA,NA,NA,NA,NA
"MG","anhydrous",2022,"ARIMA",NA,0.912725975477292,0.922914096200352,"ARIMA(5,0,0)",NA,NA,NA,NA,NA,NA,NA,NA,NA,NA,NA
"MG","anhydrous",2023,"ARIMA",NA,0.916269510372313,0.841010097430043,"ARIMA(5,0,0)",NA,NA,NA,NA,NA,NA,NA,NA,NA,NA,NA
"MT","hydrous",2019,"ARIMA",NA,0.674419217400596,-0.688625702132038,"ARIMA(0,1,1)",NA,NA,NA,NA,NA,NA,NA,NA,NA,NA,NA
"MT","hydrous",2020,"ARIMA",NA,0.764368283194855,-4.07640254665935,"ARIMA(0,1,1)",NA,NA,NA,NA,NA,NA,NA,NA,NA,NA,NA
"MT","hydrous",2021,"ARIMA",NA,0.825528570925035,-0.699032912876349,"ARIMA(0,1,1)",NA,NA,NA,NA,NA,NA,NA,NA,NA,NA,NA
"MT","hydrous",2022,"ARIMA",NA,0.917717512496358,0.579630042300242,"ARIMA(4,1,1)",NA,NA,NA,NA,NA,NA,NA,NA,NA,NA,NA
"MT","hydrous",2023,"ARIMA",NA,0.929949978670175,0.174315936226985,"ARIMA(5,1,1)",NA,NA,NA,NA,NA,NA,NA,NA,NA,NA,NA
"MT","anhydrous",2019,"ARIMA",NA,0.905312910731198,0.562874455034425,"ARIMA(5,0,0)",NA,NA,NA,NA,NA,NA,NA,NA,NA,NA,NA
"MT","anhydrous",2020,"ARIMA",NA,0.875426732549177,0.0377613643618785,"ARIMA(5,0,1)",NA,NA,NA,NA,NA,NA,NA,NA,NA,NA,NA
"MT","anhydrous",2021,"ARIMA",NA,0.847694687846504,-0.338739891026098,"ARIMA(2,0,2)",NA,NA,NA,NA,NA,NA,NA,NA,NA,NA,NA
"MT","anhydrous",2022,"ARIMA",NA,0.750537019808878,-1.85324736931672,"ARIMA(1,1,0)",NA,NA,NA,NA,NA,NA,NA,NA,NA,NA,NA
"MT","anhydrous",2023,"ARIMA",NA,0.771710735079032,-0.119499007232073,"ARIMA(1,1,0)",NA,NA,NA,NA,NA,NA,NA,NA,NA,NA,NA
"MS","hydrous",2019,"ARIMA",NA,0.717134477804324,0.063662211010853,"ARIMA(5,0,0)",NA,NA,NA,NA,NA,NA,NA,NA,NA,NA,NA
"MS","hydrous",2020,"ARIMA",NA,0.748951005212154,0.519721443467675,"ARIMA(5,0,0)",NA,NA,NA,NA,NA,NA,NA,NA,NA,NA,NA
"MS","hydrous",2021,"ARIMA",NA,0.75715496444572,0.598762122979243,"ARIMA(2,0,2)",NA,NA,NA,NA,NA,NA,NA,NA,NA,NA,NA
"MS","hydrous",2022,"ARIMA",NA,0.758577088298194,0.793916227996664,"ARIMA(5,0,0)",NA,NA,NA,NA,NA,NA,NA,NA,NA,NA,NA
"MS","hydrous",2023,"ARIMA",NA,0.768842880100059,0.40753813889564,"ARIMA(5,0,0)",NA,NA,NA,NA,NA,NA,NA,NA,NA,NA,NA
"MS","anhydrous",2019,"ARIMA",NA,0.722651047435295,0.434015940147149,"ARIMA(5,0,0)",NA,NA,NA,NA,NA,NA,NA,NA,NA,NA,NA
"MS","anhydrous",2020,"ARIMA",NA,0.722523589077017,0.80913726741342,"ARIMA(4,0,1)",NA,NA,NA,NA,NA,NA,NA,NA,NA,NA,NA
"MS","anhydrous",2021,"ARIMA",NA,0.72692108739093,0.740695743120239,"ARIMA(4,0,1)",NA,NA,NA,NA,NA,NA,NA,NA,NA,NA,NA
"MS","anhydrous",2022,"ARIMA",NA,0.740932292780087,0.182702615845315,"ARIMA(4,0,1)",NA,NA,NA,NA,NA,NA,NA,NA,NA,NA,NA
"MS","anhydrous",2023,"ARIMA",NA,0.754291574931385,-1.95196959922246,"ARIMA(2,0,2)",NA,NA,NA,NA,NA,NA,NA,NA,NA,NA,NA
"PR","hydrous",2019,"ARIMA",NA,0.572302896872548,0.275746487969928,"ARIMA(3,0,1)",NA,NA,NA,NA,NA,NA,NA,NA,NA,NA,NA
"PR","hydrous",2020,"ARIMA",NA,0.60141201782887,0.0893856252227367,"ARIMA(5,0,1)",NA,NA,NA,NA,NA,NA,NA,NA,NA,NA,NA
"PR","hydrous",2021,"ARIMA",NA,0.598311850428031,0.194689103889897,"ARIMA(5,0,1)",NA,NA,NA,NA,NA,NA,NA,NA,NA,NA,NA
"PR","hydrous",2022,"ARIMA",NA,0.585841134703851,-1.36622045083891,"ARIMA(5,0,1)",NA,NA,NA,NA,NA,NA,NA,NA,NA,NA,NA
"PR","hydrous",2023,"ARIMA",NA,0.574313688116437,-0.891198664754991,"ARIMA(5,0,0)",NA,NA,NA,NA,NA,NA,NA,NA,NA,NA,NA
"PR","anhydrous",2019,"ARIMA",NA,0.68320629663205,0.520459191323446,"ARIMA(5,0,0)",NA,NA,NA,NA,NA,NA,NA,NA,NA,NA,NA
"PR","anhydrous",2020,"ARIMA",NA,0.730439920420322,0.773315161590852,"ARIMA(5,0,1)",NA,NA,NA,NA,NA,NA,NA,NA,NA,NA,NA
"PR","anhydrous",2021,"ARIMA",NA,0.732721401654583,0.799711819425763,"ARIMA(5,0,1)",NA,NA,NA,NA,NA,NA,NA,NA,NA,NA,NA
"PR","anhydrous",2022,"ARIMA",NA,0.73523692304395,0.664706446483964,"ARIMA(5,0,1)",NA,NA,NA,NA,NA,NA,NA,NA,NA,NA,NA
"PR","anhydrous",2023,"ARIMA",NA,0.7268582264968,0.160831128150154,"ARIMA(5,0,1)",NA,NA,NA,NA,NA,NA,NA,NA,NA,NA,NA
"GO","anhydrous",2019,"an_lstm","ts_norm_an",0.812186184201683,0.761424785534618,NA,12,9,NA,NA,NA,NA,NA,NA,NA,NA,700
"GO","anhydrous",2019,"an_elm","ts_norm_an",0.865876769989135,0.774104955266128,NA,15,9,17,"radbas",NA,NA,NA,NA,NA,NA,NA
"GO","anhydrous",2019,"an_svm","ts_norm_an",0.807391472677872,0.139597123609308,NA,12,9,NA,NA,"radial",0,4,NA,NA,NA,NA
"GO","anhydrous",2019,"an_mlp","ts_norm_an",0.883171782137579,0.462052504333912,NA,15,3,NA,NA,NA,NA,NA,2,0,700,NA
"GO","anhydrous",2019,"an_conv1d","ts_norm_an",0.906314858285679,0.629738179105016,NA,12,6,NA,NA,NA,NA,NA,NA,NA,NA,700
"GO","anhydrous",2019,"diff_lstm","ts_norm_diff",0.892269122634296,0.547060374168671,NA,12,9,NA,NA,NA,NA,NA,NA,NA,NA,700
"GO","anhydrous",2019,"diff_elm","ts_norm_diff",0.914197373209212,0.499979894500731,NA,9,7,20,"radbas",NA,NA,NA,NA,NA,NA,NA
"GO","anhydrous",2019,"diff_svm","ts_norm_diff",0.960990996459418,-0.0160207900630658,NA,18,10,NA,NA,"radial",0,3,NA,NA,NA,NA
"GO","anhydrous",2019,"diff_mlp","ts_norm_diff",0.918687783001391,-0.696609461007704,NA,15,7,NA,NA,NA,NA,NA,2,0,700,NA
"GO","anhydrous",2019,"diff_conv1d","ts_norm_diff",0.999053470205214,0.316530211271628,NA,18,10,NA,NA,NA,NA,NA,NA,NA,NA,700
"GO","anhydrous",2019,"gmm_lstm","ts_norm_gminmax",0.85199259734323,-0.237635183720796,NA,12,8,NA,NA,NA,NA,NA,NA,NA,NA,700
"GO","anhydrous",2019,"gmm_elm","ts_norm_gminmax",0.906702242750495,0.653249118924253,NA,12,9,18,"sig",NA,NA,NA,NA,NA,NA,NA
"GO","anhydrous",2019,"gmm_svm","ts_norm_gminmax",0.933626311564042,-0.217255398069063,NA,9,6,NA,NA,"radial",0.1,4,NA,NA,NA,NA
"GO","anhydrous",2019,"gmm_mlp","ts_norm_gminmax",0.891198184156502,-0.00146249008321009,NA,12,8,NA,NA,NA,NA,NA,1,0,700,NA
"GO","anhydrous",2019,"gmm_conv1d","ts_norm_gminmax",0.965823087550412,-0.212919994938078,NA,9,7,NA,NA,NA,NA,NA,NA,NA,NA,700
"GO","anhydrous",2020,"an_lstm","ts_norm_an",0.816431153221208,0.388216925360766,NA,12,9,NA,NA,NA,NA,NA,NA,NA,NA,700
"GO","anhydrous",2020,"an_elm","ts_norm_an",0.147745331299034,-148.423338052854,NA,12,9,18,"radbas",NA,NA,NA,NA,NA,NA,NA
"GO","anhydrous",2020,"an_svm","ts_norm_an",0.794612078642149,-3.55776590323352,NA,9,6,NA,NA,"radial",0,10,NA,NA,NA,NA
"GO","anhydrous",2020,"an_mlp","ts_norm_an",0.89386465585792,0.670635802207877,NA,15,4,NA,NA,NA,NA,NA,3,0,700,NA
"GO","anhydrous",2020,"an_conv1d","ts_norm_an",0.873741912503403,-0.676711553358106,NA,9,8,NA,NA,NA,NA,NA,NA,NA,NA,700
"GO","anhydrous",2020,"diff_lstm","ts_norm_diff",0.895272713576306,0.674547518657289,NA,18,10,NA,NA,NA,NA,NA,NA,NA,NA,700
"GO","anhydrous",2020,"diff_elm","ts_norm_diff",0.910744796767089,0.95814717827693,NA,9,7,20,"radbas",NA,NA,NA,NA,NA,NA,NA
"GO","anhydrous",2020,"diff_svm","ts_norm_diff",0.962997053308298,0.687215756448227,NA,18,10,NA,NA,"radial",0.15,4,NA,NA,NA,NA
"GO","anhydrous",2020,"diff_mlp","ts_norm_diff",0.962265194854197,0.746469429373559,NA,18,10,NA,NA,NA,NA,NA,3,0,700,NA
"GO","anhydrous",2020,"diff_conv1d","ts_norm_diff",0.995329653648524,0.761915944533899,NA,18,10,NA,NA,NA,NA,NA,NA,NA,NA,700
"GO","anhydrous",2020,"gmm_lstm","ts_norm_gminmax",0.857414727714366,0.717425972894402,NA,12,10,NA,NA,NA,NA,NA,NA,NA,NA,700
"GO","anhydrous",2020,"gmm_elm","ts_norm_gminmax",0.912218180972728,-0.393502925108584,NA,15,8,19,"radbas",NA,NA,NA,NA,NA,NA,NA
"GO","anhydrous",2020,"gmm_svm","ts_norm_gminmax",0.939285826396547,0.76924150401085,NA,15,6,NA,NA,"radial",0,5,NA,NA,NA,NA
"GO","anhydrous",2020,"gmm_mlp","ts_norm_gminmax",0.905565007543,0.602996006014583,NA,12,3,NA,NA,NA,NA,NA,3,0,700,NA
"GO","anhydrous",2020,"gmm_conv1d","ts_norm_gminmax",0.960341082418806,0.979092625625215,NA,9,7,NA,NA,NA,NA,NA,NA,NA,NA,700
"GO","anhydrous",2021,"an_lstm","ts_norm_an",0.828066282817943,0.467094836139985,NA,12,8,NA,NA,NA,NA,NA,NA,NA,NA,700
"GO","anhydrous",2021,"an_elm","ts_norm_an",0.873342618754192,0.547815923587418,NA,15,9,17,"radbas",NA,NA,NA,NA,NA,NA,NA
"GO","anhydrous",2021,"an_svm","ts_norm_an",0.779432045484847,0.438886857828971,NA,9,7,NA,NA,"radial",0.05,8,NA,NA,NA,NA
"GO","anhydrous",2021,"an_mlp","ts_norm_an",0.94335565432244,0.930568307745324,NA,18,9,NA,NA,NA,NA,NA,3,0,700,NA
"GO","anhydrous",2021,"an_conv1d","ts_norm_an",0.939620960087598,0.84231609456721,NA,15,9,NA,NA,NA,NA,NA,NA,NA,NA,700
"GO","anhydrous",2021,"diff_lstm","ts_norm_diff",0.868241580602856,0.842102264821788,NA,18,9,NA,NA,NA,NA,NA,NA,NA,NA,700
"GO","anhydrous",2021,"diff_elm","ts_norm_diff",0.921311113241219,0.904626745252755,NA,12,7,20,"radbas",NA,NA,NA,NA,NA,NA,NA
"GO","anhydrous",2021,"diff_svm","ts_norm_diff",0.96156513410341,0.8121854660316,NA,15,6,NA,NA,"radial",0,5,NA,NA,NA,NA
"GO","anhydrous",2021,"diff_mlp","ts_norm_diff",0.944873399770676,0.544791340947438,NA,12,7,NA,NA,NA,NA,NA,3,0,700,NA
"GO","anhydrous",2021,"diff_conv1d","ts_norm_diff",0.994329452560718,0.940663897828185,NA,9,7,NA,NA,NA,NA,NA,NA,NA,NA,700
"GO","anhydrous",2021,"gmm_lstm","ts_norm_gminmax",0.860460131665193,0.842051156000107,NA,12,9,NA,NA,NA,NA,NA,NA,NA,NA,700
"GO","anhydrous",2021,"gmm_elm","ts_norm_gminmax",0.899666628562736,0.905325655674371,NA,15,9,18,"sig",NA,NA,NA,NA,NA,NA,NA
"GO","anhydrous",2021,"gmm_svm","ts_norm_gminmax",0.958491066287357,0.918570264868852,NA,15,7,NA,NA,"radial",0.05,10,NA,NA,NA,NA
"GO","anhydrous",2021,"gmm_mlp","ts_norm_gminmax",0.963635684269072,0.905347944311306,NA,12,7,NA,NA,NA,NA,NA,3,0,700,NA
"GO","anhydrous",2021,"gmm_conv1d","ts_norm_gminmax",0.977504341772596,0.775815652683002,NA,15,9,NA,NA,NA,NA,NA,NA,NA,NA,700
"GO","anhydrous",2022,"an_lstm","ts_norm_an",0.851081482746422,0.786467449643613,NA,12,8,NA,NA,NA,NA,NA,NA,NA,NA,700
"GO","anhydrous",2022,"an_elm","ts_norm_an",0.867766800691674,0.507040469666525,NA,12,6,20,"radbas",NA,NA,NA,NA,NA,NA,NA
"GO","anhydrous",2022,"an_svm","ts_norm_an",0.905811396050765,0.846907985431288,NA,9,8,NA,NA,"radial",0,7,NA,NA,NA,NA
"GO","anhydrous",2022,"an_mlp","ts_norm_an",0.667272374629546,0.227166947983152,NA,12,9,NA,NA,NA,NA,NA,2,0,700,NA
"GO","anhydrous",2022,"an_conv1d","ts_norm_an",0.916703598388555,0.721705782596067,NA,12,7,NA,NA,NA,NA,NA,NA,NA,NA,700
"GO","anhydrous",2022,"diff_lstm","ts_norm_diff",0.847895593901415,0.87710079232255,NA,12,10,NA,NA,NA,NA,NA,NA,NA,NA,700
"GO","anhydrous",2022,"diff_elm","ts_norm_diff",0.92293145758934,0.835326213634476,NA,12,7,20,"radbas",NA,NA,NA,NA,NA,NA,NA
"GO","anhydrous",2022,"diff_svm","ts_norm_diff",0.974573509044258,0.868678127067656,NA,15,7,NA,NA,"radial",0.1,8,NA,NA,NA,NA
"GO","anhydrous",2022,"diff_mlp","ts_norm_diff",0.919947908745506,0.675421431778401,NA,12,7,NA,NA,NA,NA,NA,2,0,700,NA
"GO","anhydrous",2022,"diff_conv1d","ts_norm_diff",0.998221719197055,0.829335075009374,NA,18,10,NA,NA,NA,NA,NA,NA,NA,NA,700
"GO","anhydrous",2022,"gmm_lstm","ts_norm_gminmax",-0.512497785347521,-0.267671478202812,NA,9,9,NA,NA,NA,NA,NA,NA,NA,NA,700
"GO","anhydrous",2022,"gmm_elm","ts_norm_gminmax",0.913375570446912,0.907583394545083,NA,18,6,20,"radbas",NA,NA,NA,NA,NA,NA,NA
"GO","anhydrous",2022,"gmm_svm","ts_norm_gminmax",0.961361001565816,0.928750944751586,NA,12,7,NA,NA,"radial",0.05,9,NA,NA,NA,NA
"GO","anhydrous",2022,"gmm_mlp","ts_norm_gminmax",0.948526560522922,0.914703484120171,NA,12,10,NA,NA,NA,NA,NA,2,0,700,NA
"GO","anhydrous",2022,"gmm_conv1d","ts_norm_gminmax",0.973832544141549,0.609456888660999,NA,12,9,NA,NA,NA,NA,NA,NA,NA,NA,700
"GO","anhydrous",2023,"an_lstm","ts_norm_an",0.843947752872853,0.878121097018391,NA,12,9,NA,NA,NA,NA,NA,NA,NA,NA,700
"GO","anhydrous",2023,"an_elm","ts_norm_an",0.630629682027488,-39.523404838485,NA,12,8,19,"radbas",NA,NA,NA,NA,NA,NA,NA
"GO","anhydrous",2023,"an_svm","ts_norm_an",0.826905275289364,0.551419663002406,NA,9,7,NA,NA,"radial",0.05,10,NA,NA,NA,NA
"GO","anhydrous",2023,"an_mlp","ts_norm_an",0.926381611534768,0.426267084399917,NA,18,10,NA,NA,NA,NA,NA,2,0,700,NA
"GO","anhydrous",2023,"an_conv1d","ts_norm_an",0.920889820960885,0.86855623647136,NA,15,7,NA,NA,NA,NA,NA,NA,NA,NA,700
"GO","anhydrous",2023,"diff_lstm","ts_norm_diff",0.837945379304704,0.814960527623289,NA,9,8,NA,NA,NA,NA,NA,NA,NA,NA,700
"GO","anhydrous",2023,"diff_elm","ts_norm_diff",0.908636835830435,0.825336611519648,NA,12,7,20,"sig",NA,NA,NA,NA,NA,NA,NA
"GO","anhydrous",2023,"diff_svm","ts_norm_diff",0.982596503676705,0.706189044283822,NA,18,10,NA,NA,"radial",0.15,10,NA,NA,NA,NA
"GO","anhydrous",2023,"diff_mlp","ts_norm_diff",0.934115741131293,0.923872305078102,NA,9,6,NA,NA,NA,NA,NA,3,0,700,NA
"GO","anhydrous",2023,"diff_conv1d","ts_norm_diff",0.996971435690712,0.382810308658787,NA,18,9,NA,NA,NA,NA,NA,NA,NA,NA,700
"GO","anhydrous",2023,"gmm_lstm","ts_norm_gminmax",0.867461068492634,0.840356724074955,NA,12,10,NA,NA,NA,NA,NA,NA,NA,NA,700
"GO","anhydrous",2023,"gmm_elm","ts_norm_gminmax",0.917971439435843,0.875393151256249,NA,15,8,19,"radbas",NA,NA,NA,NA,NA,NA,NA
"GO","anhydrous",2023,"gmm_svm","ts_norm_gminmax",0.955167499187636,0.85672222859626,NA,12,8,NA,NA,"radial",0.1,8,NA,NA,NA,NA
"GO","anhydrous",2023,"gmm_mlp","ts_norm_gminmax",0.950967225178394,0.809432709818129,NA,15,10,NA,NA,NA,NA,NA,2,0,700,NA
"GO","anhydrous",2023,"gmm_conv1d","ts_norm_gminmax",0.969349287862519,0.901500143716063,NA,15,6,NA,NA,NA,NA,NA,NA,NA,NA,700
"GO","hydrous",2019,"an_lstm","ts_norm_an",0.900076902477171,0.773196349210868,NA,15,7,NA,NA,NA,NA,NA,NA,NA,NA,700
"GO","hydrous",2019,"an_elm","ts_norm_an",0.937627402983988,0.791742773515435,NA,15,6,17,"sig",NA,NA,NA,NA,NA,NA,NA
"GO","hydrous",2019,"an_svm","ts_norm_an",0.982699539667531,0.901132352418298,NA,18,9,NA,NA,"radial",0.1,9,NA,NA,NA,NA
"GO","hydrous",2019,"an_mlp","ts_norm_an",0.964224003335475,0.635000757171406,NA,15,3,NA,NA,NA,NA,NA,5,0,700,NA
"GO","hydrous",2019,"an_conv1d","ts_norm_an",0.96448468309211,0.846512345897434,NA,15,5,NA,NA,NA,NA,NA,NA,NA,NA,700
"GO","hydrous",2019,"diff_lstm","ts_norm_diff",0.923265227979482,0.836569411088408,NA,18,9,NA,NA,NA,NA,NA,NA,NA,NA,700
"GO","hydrous",2019,"diff_elm","ts_norm_diff",0.957340320454868,0.928168837136477,NA,12,10,19,"sig",NA,NA,NA,NA,NA,NA,NA
"GO","hydrous",2019,"diff_svm","ts_norm_diff",0.980201986814075,0.881262998160292,NA,15,8,NA,NA,"radial",0.1,3,NA,NA,NA,NA
"GO","hydrous",2019,"diff_mlp","ts_norm_diff",0.975934353677981,0.339778935533388,NA,15,4,NA,NA,NA,NA,NA,4,0,700,NA
"GO","hydrous",2019,"diff_conv1d","ts_norm_diff",0.990714438001755,0.852392739721321,NA,18,8,NA,NA,NA,NA,NA,NA,NA,NA,700
"GO","hydrous",2019,"gmm_lstm","ts_norm_gminmax",0.939598059982577,0.809847047106549,NA,18,8,NA,NA,NA,NA,NA,NA,NA,NA,700
"GO","hydrous",2019,"gmm_elm","ts_norm_gminmax",0.958354648169346,0.227583907541221,NA,12,6,20,"sig",NA,NA,NA,NA,NA,NA,NA
"GO","hydrous",2019,"gmm_svm","ts_norm_gminmax",0.981085808250949,0.880764601621897,NA,15,6,NA,NA,"radial",0.1,9,NA,NA,NA,NA
"GO","hydrous",2019,"gmm_mlp","ts_norm_gminmax",0.989200080663736,0.528939155156877,NA,9,3,NA,NA,NA,NA,NA,7,0,700,NA
"GO","hydrous",2019,"gmm_conv1d","ts_norm_gminmax",0.987346587630228,0.930040555188622,NA,12,5,NA,NA,NA,NA,NA,NA,NA,NA,700
"GO","hydrous",2020,"an_lstm","ts_norm_an",0.953934836523299,0.923006293325173,NA,18,8,NA,NA,NA,NA,NA,NA,NA,NA,700
"GO","hydrous",2020,"an_elm","ts_norm_an",0.940965583219509,0.800889404541339,NA,15,6,17,"sig",NA,NA,NA,NA,NA,NA,NA
"GO","hydrous",2020,"an_svm","ts_norm_an",0.962580166409406,0.38676333921937,NA,15,4,NA,NA,"radial",0,10,NA,NA,NA,NA
"GO","hydrous",2020,"an_mlp","ts_norm_an",0.970414278964158,0.826324476814684,NA,15,4,NA,NA,NA,NA,NA,3,0,700,NA
"GO","hydrous",2020,"an_conv1d","ts_norm_an",0.884260420782959,-0.312215176722329,NA,12,8,NA,NA,NA,NA,NA,NA,NA,NA,700
"GO","hydrous",2020,"diff_lstm","ts_norm_diff",0.944036832600243,0.923885621624886,NA,9,7,NA,NA,NA,NA,NA,NA,NA,NA,700
"GO","hydrous",2020,"diff_elm","ts_norm_diff",0.962223010645884,0.926439725125718,NA,12,10,19,"sig",NA,NA,NA,NA,NA,NA,NA
"GO","hydrous",2020,"diff_svm","ts_norm_diff",0.984653487435132,0.96649021664749,NA,18,10,NA,NA,"radial",0.1,2,NA,NA,NA,NA
"GO","hydrous",2020,"diff_mlp","ts_norm_diff",0.977585704371889,0.962942703140625,NA,9,5,NA,NA,NA,NA,NA,3,0,700,NA
"GO","hydrous",2020,"diff_conv1d","ts_norm_diff",0.996454389904555,0.631234242469844,NA,15,8,NA,NA,NA,NA,NA,NA,NA,NA,700
"GO","hydrous",2020,"gmm_lstm","ts_norm_gminmax",0.94807180304528,0.925916048150223,NA,18,9,NA,NA,NA,NA,NA,NA,NA,NA,700
"GO","hydrous",2020,"gmm_elm","ts_norm_gminmax",0.956453762358148,0.907122013391708,NA,12,6,20,"sig",NA,NA,NA,NA,NA,NA,NA
"GO","hydrous",2020,"gmm_svm","ts_norm_gminmax",0.979752658017548,0.784148030466741,NA,18,5,NA,NA,"radial",0.15,8,NA,NA,NA,NA
"GO","hydrous",2020,"gmm_mlp","ts_norm_gminmax",0.984258625599755,0.860403327447033,NA,12,4,NA,NA,NA,NA,NA,5,0,700,NA
"GO","hydrous",2020,"gmm_conv1d","ts_norm_gminmax",0.986255425873965,0.93190798192042,NA,12,9,NA,NA,NA,NA,NA,NA,NA,NA,700
"GO","hydrous",2021,"an_lstm","ts_norm_an",0.939547432687586,0.840769898426795,NA,12,9,NA,NA,NA,NA,NA,NA,NA,NA,700
"GO","hydrous",2021,"an_elm","ts_norm_an",0.921938206272518,0.793677227539501,NA,15,9,17,"sig",NA,NA,NA,NA,NA,NA,NA
"GO","hydrous",2021,"an_svm","ts_norm_an",0.958830777154019,0.564984462985982,NA,12,4,NA,NA,"radial",0.05,8,NA,NA,NA,NA
"GO","hydrous",2021,"an_mlp","ts_norm_an",0.983623478015715,0.880397479092348,NA,18,9,NA,NA,NA,NA,NA,3,0,700,NA
"GO","hydrous",2021,"an_conv1d","ts_norm_an",0.962213757636568,0.806487467773269,NA,15,5,NA,NA,NA,NA,NA,NA,NA,NA,700
"GO","hydrous",2021,"diff_lstm","ts_norm_diff",0.943512746649429,0.768689413093607,NA,9,7,NA,NA,NA,NA,NA,NA,NA,NA,700
"GO","hydrous",2021,"diff_elm","ts_norm_diff",0.96247163252932,0.927492677064751,NA,12,10,20,"sig",NA,NA,NA,NA,NA,NA,NA
"GO","hydrous",2021,"diff_svm","ts_norm_diff",0.988513238665009,0.972952896305647,NA,12,10,NA,NA,"radial",0.1,4,NA,NA,NA,NA
"GO","hydrous",2021,"diff_mlp","ts_norm_diff",0.974886885169848,0.964756301747647,NA,15,7,NA,NA,NA,NA,NA,2,0,700,NA
"GO","hydrous",2021,"diff_conv1d","ts_norm_diff",0.987928190113643,0.951581350440877,NA,18,7,NA,NA,NA,NA,NA,NA,NA,NA,700
"GO","hydrous",2021,"gmm_lstm","ts_norm_gminmax",0.955541238905655,0.968357190993302,NA,18,9,NA,NA,NA,NA,NA,NA,NA,NA,700
"GO","hydrous",2021,"gmm_elm","ts_norm_gminmax",0.958531145945552,0.954475649850216,NA,9,6,20,"sig",NA,NA,NA,NA,NA,NA,NA
"GO","hydrous",2021,"gmm_svm","ts_norm_gminmax",0.981558233503349,0.932172679011586,NA,12,4,NA,NA,"radial",0.1,10,NA,NA,NA,NA
"GO","hydrous",2021,"gmm_mlp","ts_norm_gminmax",0.981146494886053,0.98009654718458,NA,18,8,NA,NA,NA,NA,NA,3,0,700,NA
"GO","hydrous",2021,"gmm_conv1d","ts_norm_gminmax",0.982626340282054,0.99198611830038,NA,12,6,NA,NA,NA,NA,NA,NA,NA,NA,700
"GO","hydrous",2022,"an_lstm","ts_norm_an",0.901774183848006,0.74605154970953,NA,12,8,NA,NA,NA,NA,NA,NA,NA,NA,700
"GO","hydrous",2022,"an_elm","ts_norm_an",0.947880426580993,0.894563424472944,NA,15,8,16,"sig",NA,NA,NA,NA,NA,NA,NA
"GO","hydrous",2022,"an_svm","ts_norm_an",0.983770059381148,0.990980129803429,NA,18,10,NA,NA,"radial",0.05,5,NA,NA,NA,NA
"GO","hydrous",2022,"an_mlp","ts_norm_an",0.956536051614752,0.912661478023898,NA,15,5,NA,NA,NA,NA,NA,3,0,700,NA
"GO","hydrous",2022,"an_conv1d","ts_norm_an",0.982030099016909,0.954044610280189,NA,18,10,NA,NA,NA,NA,NA,NA,NA,NA,700
"GO","hydrous",2022,"diff_lstm","ts_norm_diff",0.950489818644153,0.96283771766108,NA,12,10,NA,NA,NA,NA,NA,NA,NA,NA,700
"GO","hydrous",2022,"diff_elm","ts_norm_diff",0.963019843017159,0.980241532699367,NA,12,10,16,"sig",NA,NA,NA,NA,NA,NA,NA
"GO","hydrous",2022,"diff_svm","ts_norm_diff",0.987942648757316,0.984046317391359,NA,18,10,NA,NA,"radial",0.1,4,NA,NA,NA,NA
"GO","hydrous",2022,"diff_mlp","ts_norm_diff",0.974932461118817,0.956608517551498,NA,12,7,NA,NA,NA,NA,NA,2,0,700,NA
"GO","hydrous",2022,"diff_conv1d","ts_norm_diff",0.984126009597733,0.941101647676071,NA,12,6,NA,NA,NA,NA,NA,NA,NA,NA,700
"GO","hydrous",2022,"gmm_lstm","ts_norm_gminmax",0.947873810369894,0.966650291558094,NA,12,9,NA,NA,NA,NA,NA,NA,NA,NA,700
"GO","hydrous",2022,"gmm_elm","ts_norm_gminmax",0.961831454341246,0.916062726592437,NA,12,6,15,"sig",NA,NA,NA,NA,NA,NA,NA
"GO","hydrous",2022,"gmm_svm","ts_norm_gminmax",0.98434664635154,0.940104269351451,NA,15,5,NA,NA,"radial",0.05,10,NA,NA,NA,NA
"GO","hydrous",2022,"gmm_mlp","ts_norm_gminmax",0.988953498613592,0.841326593564166,NA,12,5,NA,NA,NA,NA,NA,6,0,700,NA
"GO","hydrous",2022,"gmm_conv1d","ts_norm_gminmax",0.981651938167594,0.916964820405949,NA,15,5,NA,NA,NA,NA,NA,NA,NA,NA,700
"GO","hydrous",2023,"an_lstm","ts_norm_an",0.936751966026114,0.954105811438267,NA,15,8,NA,NA,NA,NA,NA,NA,NA,NA,700
"GO","hydrous",2023,"an_elm","ts_norm_an",0.934778568738746,0.93383706746744,NA,15,6,19,"sig",NA,NA,NA,NA,NA,NA,NA
"GO","hydrous",2023,"an_svm","ts_norm_an",0.955038973365772,0.88073260978138,NA,15,5,NA,NA,"radial",0,10,NA,NA,NA,NA
"GO","hydrous",2023,"an_mlp","ts_norm_an",0.978435849850156,0.932071622099632,NA,18,4,NA,NA,NA,NA,NA,5,0,700,NA
"GO","hydrous",2023,"an_conv1d","ts_norm_an",0.957827539234973,0.879128269975491,NA,12,5,NA,NA,NA,NA,NA,NA,NA,NA,700
"GO","hydrous",2023,"diff_lstm","ts_norm_diff",0.950781237626029,0.940803415676402,NA,9,7,NA,NA,NA,NA,NA,NA,NA,NA,700
"GO","hydrous",2023,"diff_elm","ts_norm_diff",0.964694182455425,0.928795479469188,NA,12,10,19,"sig",NA,NA,NA,NA,NA,NA,NA
"GO","hydrous",2023,"diff_svm","ts_norm_diff",0.992867577520469,0.950406275433558,NA,12,10,NA,NA,"radial",0.1,8,NA,NA,NA,NA
"GO","hydrous",2023,"diff_mlp","ts_norm_diff",0.980486980850215,0.893482601319503,NA,12,9,NA,NA,NA,NA,NA,2,0,700,NA
"GO","hydrous",2023,"diff_conv1d","ts_norm_diff",0.986872759172848,0.774197319499509,NA,15,8,NA,NA,NA,NA,NA,NA,NA,NA,700
"GO","hydrous",2023,"gmm_lstm","ts_norm_gminmax",0.958749608380242,0.914521991097722,NA,12,9,NA,NA,NA,NA,NA,NA,NA,NA,700
"GO","hydrous",2023,"gmm_elm","ts_norm_gminmax",0.964164587013188,0.877324518043289,NA,12,8,17,"sig",NA,NA,NA,NA,NA,NA,NA
"GO","hydrous",2023,"gmm_svm","ts_norm_gminmax",0.987973663766749,0.925654905764593,NA,18,9,NA,NA,"radial",0,9,NA,NA,NA,NA
"GO","hydrous",2023,"gmm_mlp","ts_norm_gminmax",0.987852135342645,0.763596090667633,NA,12,4,NA,NA,NA,NA,NA,7,0,700,NA
"GO","hydrous",2023,"gmm_conv1d","ts_norm_gminmax",0.985365502102264,0.936252863921014,NA,12,9,NA,NA,NA,NA,NA,NA,NA,NA,700
"MG","anhydrous",2019,"an_lstm","ts_norm_an",0.852133378422178,0.798516433452303,NA,12,9,NA,NA,NA,NA,NA,NA,NA,NA,700
"MG","anhydrous",2019,"an_elm","ts_norm_an",0.775453734548919,0.797634288002991,NA,12,7,16,"sig",NA,NA,NA,NA,NA,NA,NA
"MG","anhydrous",2019,"an_svm","ts_norm_an",0.95867128415811,0.912184204833011,NA,18,10,NA,NA,"radial",0.2,2,NA,NA,NA,NA
"MG","anhydrous",2019,"an_mlp","ts_norm_an",0.889906869873278,0.828128376695698,NA,12,9,NA,NA,NA,NA,NA,1,0,700,NA
"MG","anhydrous",2019,"an_conv1d","ts_norm_an",0.944501173067574,0.807748554700119,NA,15,6,NA,NA,NA,NA,NA,NA,NA,NA,700
"MG","anhydrous",2019,"diff_lstm","ts_norm_diff",0.934725002708209,0.73870368107757,NA,18,8,NA,NA,NA,NA,NA,NA,NA,NA,700
"MG","anhydrous",2019,"diff_elm","ts_norm_diff",0.943170084165549,0.72545932736082,NA,18,10,13,"radbas",NA,NA,NA,NA,NA,NA,NA
"MG","anhydrous",2019,"diff_svm","ts_norm_diff",0.949532649495661,0.829731812123743,NA,15,10,NA,NA,"radial",0.45,2,NA,NA,NA,NA
"MG","anhydrous",2019,"diff_mlp","ts_norm_diff",0.936905439895265,0.801831466681779,NA,18,10,NA,NA,NA,NA,NA,1,0,700,NA
"MG","anhydrous",2019,"diff_conv1d","ts_norm_diff",0.994205070375247,-1.08120015534518,NA,15,5,NA,NA,NA,NA,NA,NA,NA,NA,700
"MG","anhydrous",2019,"gmm_lstm","ts_norm_gminmax",0.932290082099509,0.793367130793541,NA,15,9,NA,NA,NA,NA,NA,NA,NA,NA,700
"MG","anhydrous",2019,"gmm_elm","ts_norm_gminmax",0.959281798265914,0.835703980377613,NA,18,9,13,"tribas",NA,NA,NA,NA,NA,NA,NA
"MG","anhydrous",2019,"gmm_svm","ts_norm_gminmax",0.959495555793173,0.863064769853634,NA,18,10,NA,NA,"radial",0.2,2,NA,NA,NA,NA
"MG","anhydrous",2019,"gmm_mlp","ts_norm_gminmax",0.932523438953491,0.821821196770636,NA,18,9,NA,NA,NA,NA,NA,1,0.05,700,NA
"MG","anhydrous",2019,"gmm_conv1d","ts_norm_gminmax",0.974541597178962,0.707395092331148,NA,15,6,NA,NA,NA,NA,NA,NA,NA,NA,700
"MG","anhydrous",2020,"an_lstm","ts_norm_an",0.921917318332187,0.844906660698493,NA,18,9,NA,NA,NA,NA,NA,NA,NA,NA,700
"MG","anhydrous",2020,"an_elm","ts_norm_an",0.809381217132309,-0.0276768581252944,NA,12,7,16,"sig",NA,NA,NA,NA,NA,NA,NA
"MG","anhydrous",2020,"an_svm","ts_norm_an",0.96554412155478,0.915635306472437,NA,18,10,NA,NA,"radial",0.2,3,NA,NA,NA,NA
"MG","anhydrous",2020,"an_mlp","ts_norm_an",0.936778612867492,0.886351366609996,NA,18,9,NA,NA,NA,NA,NA,1,0,700,NA
"MG","anhydrous",2020,"an_conv1d","ts_norm_an",0.966675602107854,0.848312339644517,NA,18,6,NA,NA,NA,NA,NA,NA,NA,NA,700
"MG","anhydrous",2020,"diff_lstm","ts_norm_diff",0.918389551934508,0.838530006624808,NA,12,8,NA,NA,NA,NA,NA,NA,NA,NA,700
"MG","anhydrous",2020,"diff_elm","ts_norm_diff",0.936754559633703,0.859761648497965,NA,18,10,15,"sig",NA,NA,NA,NA,NA,NA,NA
"MG","anhydrous",2020,"diff_svm","ts_norm_diff",0.953127708029821,0.838063677800901,NA,9,7,NA,NA,"radial",0.05,1,NA,NA,NA,NA
"MG","anhydrous",2020,"diff_mlp","ts_norm_diff",0.928653182560383,0.888107505056911,NA,18,10,NA,NA,NA,NA,NA,10,0.05,700,NA
"MG","anhydrous",2020,"diff_conv1d","ts_norm_diff",0.990844182439668,0.686050128845025,NA,12,5,NA,NA,NA,NA,NA,NA,NA,NA,700
"MG","anhydrous",2020,"gmm_lstm","ts_norm_gminmax",0.922722143349468,0.840988768164967,NA,18,9,NA,NA,NA,NA,NA,NA,NA,NA,700
"MG","anhydrous",2020,"gmm_elm","ts_norm_gminmax",0.943687216156955,0.768490301200014,NA,18,9,15,"sig",NA,NA,NA,NA,NA,NA,NA
"MG","anhydrous",2020,"gmm_svm","ts_norm_gminmax",0.959033737774093,0.862621747704847,NA,18,10,NA,NA,"radial",0.25,4,NA,NA,NA,NA
"MG","anhydrous",2020,"gmm_mlp","ts_norm_gminmax",0.944835403992633,0.84105932059178,NA,18,9,NA,NA,NA,NA,NA,1,0,700,NA
"MG","anhydrous",2020,"gmm_conv1d","ts_norm_gminmax",0.959342006168609,0.812573419437898,NA,9,5,NA,NA,NA,NA,NA,NA,NA,NA,700
"MG","anhydrous",2021,"an_lstm","ts_norm_an",0.913615634871056,0.74896218990902,NA,15,9,NA,NA,NA,NA,NA,NA,NA,NA,700
"MG","anhydrous",2021,"an_elm","ts_norm_an",0.934800665631309,0.744821367332478,NA,18,8,15,"radbas",NA,NA,NA,NA,NA,NA,NA
"MG","anhydrous",2021,"an_svm","ts_norm_an",0.954296404286733,0.82549129180901,NA,18,10,NA,NA,"radial",0.25,2,NA,NA,NA,NA
"MG","anhydrous",2021,"an_mlp","ts_norm_an",0.905747651045941,0.784616374688606,NA,15,6,NA,NA,NA,NA,NA,2,0,700,NA
"MG","anhydrous",2021,"an_conv1d","ts_norm_an",0.950967869980725,0.677248412941136,NA,18,9,NA,NA,NA,NA,NA,NA,NA,NA,700
"MG","anhydrous",2021,"diff_lstm","ts_norm_diff",0.896737893425158,0.573006537412276,NA,15,9,NA,NA,NA,NA,NA,NA,NA,NA,700
"MG","anhydrous",2021,"diff_elm","ts_norm_diff",0.934469306039619,0.797435173695189,NA,18,10,16,"sig",NA,NA,NA,NA,NA,NA,NA
"MG","anhydrous",2021,"diff_svm","ts_norm_diff",0.952392095371925,0.440539120692172,NA,15,9,NA,NA,"radial",0,1,NA,NA,NA,NA
"MG","anhydrous",2021,"diff_mlp","ts_norm_diff",0.919302288554527,0.732155764207877,NA,18,10,NA,NA,NA,NA,NA,10,0.05,700,NA
"MG","anhydrous",2021,"diff_conv1d","ts_norm_diff",0.988605439400776,0.877773023124033,NA,15,8,NA,NA,NA,NA,NA,NA,NA,NA,700
"MG","anhydrous",2021,"gmm_lstm","ts_norm_gminmax",0.915993452311532,0.842286747935188,NA,18,10,NA,NA,NA,NA,NA,NA,NA,NA,700
"MG","anhydrous",2021,"gmm_elm","ts_norm_gminmax",0.936728088962808,0.891067969335504,NA,18,9,15,"sig",NA,NA,NA,NA,NA,NA,NA
"MG","anhydrous",2021,"gmm_svm","ts_norm_gminmax",0.954325918429966,0.796198875748779,NA,18,10,NA,NA,"radial",0.3,10,NA,NA,NA,NA
"MG","anhydrous",2021,"gmm_mlp","ts_norm_gminmax",0.9382065398023,0.882703843745689,NA,15,10,NA,NA,NA,NA,NA,1,0,700,NA
"MG","anhydrous",2021,"gmm_conv1d","ts_norm_gminmax",0.951595343797638,0.683608237249068,NA,15,4,NA,NA,NA,NA,NA,NA,NA,NA,700
"MG","anhydrous",2022,"an_lstm","ts_norm_an",0.922434713809894,0.90408298493387,NA,12,9,NA,NA,NA,NA,NA,NA,NA,NA,700
"MG","anhydrous",2022,"an_elm","ts_norm_an",0.942185940650201,-70.7943539317036,NA,18,8,19,"radbas",NA,NA,NA,NA,NA,NA,NA
"MG","anhydrous",2022,"an_svm","ts_norm_an",0.953001469797975,0.85164537351703,NA,18,8,NA,NA,"radial",0.25,3,NA,NA,NA,NA
"MG","anhydrous",2022,"an_mlp","ts_norm_an",0.83222177440257,0.747095882162816,NA,12,7,NA,NA,NA,NA,NA,1,0,700,NA
"MG","anhydrous",2022,"an_conv1d","ts_norm_an",0.953485449601557,0.815569776578678,NA,18,6,NA,NA,NA,NA,NA,NA,NA,NA,700
"MG","anhydrous",2022,"diff_lstm","ts_norm_diff",0.89279131056045,0.87157520556866,NA,12,10,NA,NA,NA,NA,NA,NA,NA,NA,700
"MG","anhydrous",2022,"diff_elm","ts_norm_diff",0.937881627466006,0.904992056827387,NA,18,10,15,"sig",NA,NA,NA,NA,NA,NA,NA
"MG","anhydrous",2022,"diff_svm","ts_norm_diff",0.948452736628121,0.775744906750651,NA,9,7,NA,NA,"radial",0.05,1,NA,NA,NA,NA
"MG","anhydrous",2022,"diff_mlp","ts_norm_diff",0.92528038371033,0.940233615652976,NA,18,10,NA,NA,NA,NA,NA,10,0.05,700,NA
"MG","anhydrous",2022,"diff_conv1d","ts_norm_diff",0.994869102595432,0.805954562940119,NA,12,10,NA,NA,NA,NA,NA,NA,NA,NA,700
"MG","anhydrous",2022,"gmm_lstm","ts_norm_gminmax",0.917378172622436,0.928292782538847,NA,18,10,NA,NA,NA,NA,NA,NA,NA,NA,700
"MG","anhydrous",2022,"gmm_elm","ts_norm_gminmax",0.939966538145297,0.790193996924052,NA,18,9,20,"sig",NA,NA,NA,NA,NA,NA,NA
"MG","anhydrous",2022,"gmm_svm","ts_norm_gminmax",0.945298968907936,0.890179696407469,NA,18,9,NA,NA,"radial",0,1,NA,NA,NA,NA
"MG","anhydrous",2022,"gmm_mlp","ts_norm_gminmax",0.930697624004767,0.907157398617145,NA,18,9,NA,NA,NA,NA,NA,1,0.05,700,NA
"MG","anhydrous",2022,"gmm_conv1d","ts_norm_gminmax",0.972354282151221,0.575132874162758,NA,18,7,NA,NA,NA,NA,NA,NA,NA,NA,700
"MG","anhydrous",2023,"an_lstm","ts_norm_an",0.903396679259424,0.837678529176706,NA,15,8,NA,NA,NA,NA,NA,NA,NA,NA,700
"MG","anhydrous",2023,"an_elm","ts_norm_an",0.904673991068843,0.793644289232856,NA,15,7,14,"sig",NA,NA,NA,NA,NA,NA,NA
"MG","anhydrous",2023,"an_svm","ts_norm_an",0.959975790481178,0.936415650268526,NA,18,8,NA,NA,"radial",0,3,NA,NA,NA,NA
"MG","anhydrous",2023,"an_mlp","ts_norm_an",0.914792934370764,0.759550956640313,NA,15,6,NA,NA,NA,NA,NA,2,0,700,NA
"MG","anhydrous",2023,"an_conv1d","ts_norm_an",0.969943938363871,0.867126957329229,NA,18,9,NA,NA,NA,NA,NA,NA,NA,NA,700
"MG","anhydrous",2023,"diff_lstm","ts_norm_diff",0.895622984591191,0.671957709826598,NA,18,10,NA,NA,NA,NA,NA,NA,NA,NA,700
"MG","anhydrous",2023,"diff_elm","ts_norm_diff",0.941312430547469,0.953993266467434,NA,18,10,15,"sig",NA,NA,NA,NA,NA,NA,NA
"MG","anhydrous",2023,"diff_svm","ts_norm_diff",0.94283012951155,0.653872383528197,NA,9,7,NA,NA,"radial",0.4,1,NA,NA,NA,NA
"MG","anhydrous",2023,"diff_mlp","ts_norm_diff",0.938357834620042,0.935027867064799,NA,18,10,NA,NA,NA,NA,NA,1,0,700,NA
"MG","anhydrous",2023,"diff_conv1d","ts_norm_diff",0.992753139993153,0.818616369760027,NA,12,8,NA,NA,NA,NA,NA,NA,NA,NA,700
"MG","anhydrous",2023,"gmm_lstm","ts_norm_gminmax",0.923650805556895,0.859534441863947,NA,12,9,NA,NA,NA,NA,NA,NA,NA,NA,700
"MG","anhydrous",2023,"gmm_elm","ts_norm_gminmax",0.94370956979428,0.926967522111243,NA,18,9,17,"sig",NA,NA,NA,NA,NA,NA,NA
"MG","anhydrous",2023,"gmm_svm","ts_norm_gminmax",0.950478357743812,0.895346462900556,NA,18,9,NA,NA,"radial",0,1,NA,NA,NA,NA
"MG","anhydrous",2023,"gmm_mlp","ts_norm_gminmax",0.948136696705323,0.762550586924926,NA,9,4,NA,NA,NA,NA,NA,3,0,700,NA
"MG","anhydrous",2023,"gmm_conv1d","ts_norm_gminmax",0.964437649849463,0.411500906524152,NA,9,6,NA,NA,NA,NA,NA,NA,NA,NA,700
"MG","hydrous",2019,"an_lstm","ts_norm_an",0.75914767412591,0.611705011699503,NA,12,8,NA,NA,NA,NA,NA,NA,NA,NA,700
"MG","hydrous",2019,"an_elm","ts_norm_an",0.663152342921436,-338.993181918307,NA,9,7,20,"radbas",NA,NA,NA,NA,NA,NA,NA
"MG","hydrous",2019,"an_svm","ts_norm_an",0.92861581340764,0.608689504085714,NA,12,7,NA,NA,"radial",0.15,10,NA,NA,NA,NA
"MG","hydrous",2019,"an_mlp","ts_norm_an",0.959372855919698,0.770118196529675,NA,15,6,NA,NA,NA,NA,NA,4,0,700,NA
"MG","hydrous",2019,"an_conv1d","ts_norm_an",0.9358211271831,0.650466798063613,NA,12,9,NA,NA,NA,NA,NA,NA,NA,NA,700
"MG","hydrous",2019,"diff_lstm","ts_norm_diff",0.935596840882441,0.744776317146875,NA,18,7,NA,NA,NA,NA,NA,NA,NA,NA,700
"MG","hydrous",2019,"diff_elm","ts_norm_diff",0.942899308382937,0.730137976930089,NA,9,7,18,"sig",NA,NA,NA,NA,NA,NA,NA
"MG","hydrous",2019,"diff_svm","ts_norm_diff",0.984662814648722,0.810879830210464,NA,18,10,NA,NA,"radial",0.25,7,NA,NA,NA,NA
"MG","hydrous",2019,"diff_mlp","ts_norm_diff",0.933240208620732,0.718650704471402,NA,12,10,NA,NA,NA,NA,NA,2,0.05,700,NA
"MG","hydrous",2019,"diff_conv1d","ts_norm_diff",0.998906330048816,0.73911993852039,NA,12,6,NA,NA,NA,NA,NA,NA,NA,NA,700
"MG","hydrous",2019,"gmm_lstm","ts_norm_gminmax",0.934646757801754,0.502337789994392,NA,15,8,NA,NA,NA,NA,NA,NA,NA,NA,700
"MG","hydrous",2019,"gmm_elm","ts_norm_gminmax",0.959039443976071,0.377354627130445,NA,18,8,18,"sig",NA,NA,NA,NA,NA,NA,NA
"MG","hydrous",2019,"gmm_svm","ts_norm_gminmax",0.985069799920557,0.120697121283482,NA,15,8,NA,NA,"radial",0,6,NA,NA,NA,NA
"MG","hydrous",2019,"gmm_mlp","ts_norm_gminmax",0.984624317323384,0.303005828758584,NA,15,8,NA,NA,NA,NA,NA,3,0,700,NA
"MG","hydrous",2019,"gmm_conv1d","ts_norm_gminmax",0.985312686729176,0.00718521452105414,NA,9,7,NA,NA,NA,NA,NA,NA,NA,NA,700
"MG","hydrous",2020,"an_lstm","ts_norm_an",0.884584643290702,0.86632740273412,NA,15,9,NA,NA,NA,NA,NA,NA,NA,NA,700
"MG","hydrous",2020,"an_elm","ts_norm_an",0.851367691724194,-1.96972779431608,NA,12,8,16,"sig",NA,NA,NA,NA,NA,NA,NA
"MG","hydrous",2020,"an_svm","ts_norm_an",0.939967530021725,0.560836062917969,NA,15,6,NA,NA,"radial",0.15,5,NA,NA,NA,NA
"MG","hydrous",2020,"an_mlp","ts_norm_an",0.951339934079715,0.627849715750152,NA,15,4,NA,NA,NA,NA,NA,3,0,700,NA
"MG","hydrous",2020,"an_conv1d","ts_norm_an",0.937851570875225,-13.0442418409418,NA,12,7,NA,NA,NA,NA,NA,NA,NA,NA,700
"MG","hydrous",2020,"diff_lstm","ts_norm_diff",0.949206416337566,0.57970505838398,NA,12,8,NA,NA,NA,NA,NA,NA,NA,NA,700
"MG","hydrous",2020,"diff_elm","ts_norm_diff",0.946051424783824,0.769746857766006,NA,9,7,18,"sig",NA,NA,NA,NA,NA,NA,NA
"MG","hydrous",2020,"diff_svm","ts_norm_diff",0.98116608686175,0.915920970288873,NA,12,9,NA,NA,"radial",0.2,3,NA,NA,NA,NA
"MG","hydrous",2020,"diff_mlp","ts_norm_diff",0.94525054455141,0.581842554608094,NA,12,10,NA,NA,NA,NA,NA,4,0.05,700,NA
"MG","hydrous",2020,"diff_conv1d","ts_norm_diff",0.998786043888623,-0.347537094395619,NA,15,7,NA,NA,NA,NA,NA,NA,NA,NA,700
"MG","hydrous",2020,"gmm_lstm","ts_norm_gminmax",0.933396296343489,0.853003177654313,NA,12,9,NA,NA,NA,NA,NA,NA,NA,NA,700
"MG","hydrous",2020,"gmm_elm","ts_norm_gminmax",0.958665045878587,0.692511634579096,NA,12,8,18,"sig",NA,NA,NA,NA,NA,NA,NA
"MG","hydrous",2020,"gmm_svm","ts_norm_gminmax",0.983302571052802,0.946205009652465,NA,15,8,NA,NA,"radial",0.1,6,NA,NA,NA,NA
"MG","hydrous",2020,"gmm_mlp","ts_norm_gminmax",0.977123804925445,0.934628108515006,NA,12,9,NA,NA,NA,NA,NA,2,0,700,NA
"MG","hydrous",2020,"gmm_conv1d","ts_norm_gminmax",0.985479174789258,-0.790740888000616,NA,12,9,NA,NA,NA,NA,NA,NA,NA,NA,700
"MG","hydrous",2021,"an_lstm","ts_norm_an",0.851265932689061,0.483535935997327,NA,15,8,NA,NA,NA,NA,NA,NA,NA,NA,700
"MG","hydrous",2021,"an_elm","ts_norm_an",0.798634274216011,-0.703080669175155,NA,12,8,16,"sig",NA,NA,NA,NA,NA,NA,NA
"MG","hydrous",2021,"an_svm","ts_norm_an",0.882985557180532,0.127729378200763,NA,9,8,NA,NA,"radial",0,10,NA,NA,NA,NA
"MG","hydrous",2021,"an_mlp","ts_norm_an",0.122636519963554,-8.90396235853121,NA,9,7,NA,NA,NA,NA,NA,5,0,700,NA
"MG","hydrous",2021,"an_conv1d","ts_norm_an",0.942612831604353,0.49917167224111,NA,15,4,NA,NA,NA,NA,NA,NA,NA,NA,700
"MG","hydrous",2021,"diff_lstm","ts_norm_diff",0.945958149047791,0.787319584487162,NA,18,10,NA,NA,NA,NA,NA,NA,NA,NA,700
"MG","hydrous",2021,"diff_elm","ts_norm_diff",0.934054580252662,0.922971103139694,NA,12,7,19,"sig",NA,NA,NA,NA,NA,NA,NA
"MG","hydrous",2021,"diff_svm","ts_norm_diff",0.978244306031291,0.714274948592162,NA,9,7,NA,NA,"radial",0.1,3,NA,NA,NA,NA
"MG","hydrous",2021,"diff_mlp","ts_norm_diff",0.769468067371239,-0.380711372089354,NA,9,8,NA,NA,NA,NA,NA,4,0,700,NA
"MG","hydrous",2021,"diff_conv1d","ts_norm_diff",0.991201467429376,-0.153610077092323,NA,15,7,NA,NA,NA,NA,NA,NA,NA,NA,700
"MG","hydrous",2021,"gmm_lstm","ts_norm_gminmax",0.934853642543116,0.817250729241641,NA,15,8,NA,NA,NA,NA,NA,NA,NA,NA,700
"MG","hydrous",2021,"gmm_elm","ts_norm_gminmax",0.95780408428573,0.452859283216533,NA,12,8,18,"sig",NA,NA,NA,NA,NA,NA,NA
"MG","hydrous",2021,"gmm_svm","ts_norm_gminmax",0.982834568326205,0.745595805814211,NA,18,9,NA,NA,"radial",0.05,5,NA,NA,NA,NA
"MG","hydrous",2021,"gmm_mlp","ts_norm_gminmax",0.657766393309681,0.509154906249307,NA,9,9,NA,NA,NA,NA,NA,3,0,700,NA
"MG","hydrous",2021,"gmm_conv1d","ts_norm_gminmax",0.983998971476599,0.364779355950448,NA,18,9,NA,NA,NA,NA,NA,NA,NA,NA,700
"MG","hydrous",2022,"an_lstm","ts_norm_an",0.878795629804425,0.919781142489507,NA,15,10,NA,NA,NA,NA,NA,NA,NA,NA,700
"MG","hydrous",2022,"an_elm","ts_norm_an",0.875019451319726,0.682400166016124,NA,12,7,13,"sig",NA,NA,NA,NA,NA,NA,NA
"MG","hydrous",2022,"an_svm","ts_norm_an",0.907191531786759,0.753084063552314,NA,12,7,NA,NA,"radial",0,5,NA,NA,NA,NA
"MG","hydrous",2022,"an_mlp","ts_norm_an",0.943809084231385,0.807496577862698,NA,15,6,NA,NA,NA,NA,NA,3,0,700,NA
"MG","hydrous",2022,"an_conv1d","ts_norm_an",0.975122357961904,0.914670734998084,NA,18,10,NA,NA,NA,NA,NA,NA,NA,NA,700
"MG","hydrous",2022,"diff_lstm","ts_norm_diff",0.913917165100343,0.942924532406525,NA,9,7,NA,NA,NA,NA,NA,NA,NA,NA,700
"MG","hydrous",2022,"diff_elm","ts_norm_diff",0.932902925675047,0.904470420419397,NA,9,7,18,"sig",NA,NA,NA,NA,NA,NA,NA
"MG","hydrous",2022,"diff_svm","ts_norm_diff",0.977579735017909,0.881196037719987,NA,12,8,NA,NA,"radial",0.15,3,NA,NA,NA,NA
"MG","hydrous",2022,"diff_mlp","ts_norm_diff",0.967658701012397,0.787600568842175,NA,15,7,NA,NA,NA,NA,NA,3,0,700,NA
"MG","hydrous",2022,"diff_conv1d","ts_norm_diff",0.98442295971753,0.412905178569044,NA,9,7,NA,NA,NA,NA,NA,NA,NA,NA,700
"MG","hydrous",2022,"gmm_lstm","ts_norm_gminmax",0.410747440012674,0.0466548953116739,NA,9,9,NA,NA,NA,NA,NA,NA,NA,NA,700
"MG","hydrous",2022,"gmm_elm","ts_norm_gminmax",0.952017692585436,0.754127710194662,NA,12,8,18,"sig",NA,NA,NA,NA,NA,NA,NA
"MG","hydrous",2022,"gmm_svm","ts_norm_gminmax",0.978039446630313,0.692722536381642,NA,18,7,NA,NA,"radial",0.05,7,NA,NA,NA,NA
"MG","hydrous",2022,"gmm_mlp","ts_norm_gminmax",0.965262219808811,0.703997297512732,NA,12,5,NA,NA,NA,NA,NA,3,0,700,NA
"MG","hydrous",2022,"gmm_conv1d","ts_norm_gminmax",0.982012498871034,0.742946575583199,NA,18,7,NA,NA,NA,NA,NA,NA,NA,NA,700
"MG","hydrous",2023,"an_lstm","ts_norm_an",0.839086153182312,0.864994232403656,NA,15,7,NA,NA,NA,NA,NA,NA,NA,NA,700
"MG","hydrous",2023,"an_elm","ts_norm_an",0.870621097860598,0.780066640003914,NA,12,7,13,"sig",NA,NA,NA,NA,NA,NA,NA
"MG","hydrous",2023,"an_svm","ts_norm_an",0.928286032854838,0.803689584182768,NA,15,10,NA,NA,"radial",0.2,6,NA,NA,NA,NA
"MG","hydrous",2023,"an_mlp","ts_norm_an",0.907234658664959,0.669870242065355,NA,12,6,NA,NA,NA,NA,NA,4,0,700,NA
"MG","hydrous",2023,"an_conv1d","ts_norm_an",0.964950255797237,-0.714181868403384,NA,18,10,NA,NA,NA,NA,NA,NA,NA,NA,700
"MG","hydrous",2023,"diff_lstm","ts_norm_diff",0.90663133093741,0.77349927978408,NA,15,10,NA,NA,NA,NA,NA,NA,NA,NA,700
"MG","hydrous",2023,"diff_elm","ts_norm_diff",0.934639745199303,0.788907897189475,NA,12,10,18,"sig",NA,NA,NA,NA,NA,NA,NA
"MG","hydrous",2023,"diff_svm","ts_norm_diff",0.965509800032537,0.864409553916962,NA,15,10,NA,NA,"radial",0.35,3,NA,NA,NA,NA
"MG","hydrous",2023,"diff_mlp","ts_norm_diff",0.956655941705576,0.6509093343497,NA,18,9,NA,NA,NA,NA,NA,2,0,700,NA
"MG","hydrous",2023,"diff_conv1d","ts_norm_diff",0.997096230049972,0.679081805028175,NA,15,10,NA,NA,NA,NA,NA,NA,NA,NA,700
"MG","hydrous",2023,"gmm_lstm","ts_norm_gminmax",NA,NA,NA,9,9,NA,NA,NA,NA,NA,NA,NA,NA,700
"MG","hydrous",2023,"gmm_elm","ts_norm_gminmax",0.942124886247768,0.667604827397419,NA,12,6,19,"sig",NA,NA,NA,NA,NA,NA,NA
"MG","hydrous",2023,"gmm_svm","ts_norm_gminmax",0.968443885598837,0.528649066644824,NA,12,7,NA,NA,"radial",0.1,8,NA,NA,NA,NA
"MG","hydrous",2023,"gmm_mlp","ts_norm_gminmax",0.967046720939854,0.517861235244821,NA,15,10,NA,NA,NA,NA,NA,2,0,700,NA
"MG","hydrous",2023,"gmm_conv1d","ts_norm_gminmax",0.984038955569296,0.603494556658375,NA,18,10,NA,NA,NA,NA,NA,NA,NA,NA,700
"SP","anhydrous",2019,"an_lstm","ts_norm_an",0.838758792820825,0.680562024741314,NA,15,8,NA,NA,NA,NA,NA,NA,NA,NA,700
"SP","anhydrous",2019,"an_elm","ts_norm_an",0.870036280631026,0.483884892839798,NA,15,7,13,"sig",NA,NA,NA,NA,NA,NA,NA
"SP","anhydrous",2019,"an_svm","ts_norm_an",0.876855940638762,0.858220222849465,NA,12,8,NA,NA,"radial",0.3,7,NA,NA,NA,NA
"SP","anhydrous",2019,"an_mlp","ts_norm_an",0.906123365205761,0.753797276585847,NA,15,4,NA,NA,NA,NA,NA,1,0,700,NA
"SP","anhydrous",2019,"an_conv1d","ts_norm_an",0.928232955012398,0.589980435414969,NA,12,7,NA,NA,NA,NA,NA,NA,NA,NA,700
"SP","anhydrous",2019,"diff_lstm","ts_norm_diff",0.834515292859467,0.743254875695723,NA,12,10,NA,NA,NA,NA,NA,NA,NA,NA,700
"SP","anhydrous",2019,"diff_elm","ts_norm_diff",0.917683332070613,0.766059946698302,NA,18,9,15,"sig",NA,NA,NA,NA,NA,NA,NA
"SP","anhydrous",2019,"diff_svm","ts_norm_diff",0.937588510375109,0.474115223712547,NA,9,7,NA,NA,"radial",0.15,1,NA,NA,NA,NA
"SP","anhydrous",2019,"diff_mlp","ts_norm_diff",0.905681160007343,0.765652910717589,NA,18,10,NA,NA,NA,NA,NA,1,0,700,NA
"SP","anhydrous",2019,"diff_conv1d","ts_norm_diff",0.9903039814395,0.649185045551744,NA,12,5,NA,NA,NA,NA,NA,NA,NA,NA,700
"SP","anhydrous",2019,"gmm_lstm","ts_norm_gminmax",0.917467489487224,0.547616283199406,NA,15,7,NA,NA,NA,NA,NA,NA,NA,NA,700
"SP","anhydrous",2019,"gmm_elm","ts_norm_gminmax",0.925236514248249,0.620631537097295,NA,15,8,17,"sig",NA,NA,NA,NA,NA,NA,NA
"SP","anhydrous",2019,"gmm_svm","ts_norm_gminmax",0.934230010066921,0.494457118474324,NA,18,5,NA,NA,"radial",0,1,NA,NA,NA,NA
"SP","anhydrous",2019,"gmm_mlp","ts_norm_gminmax",0.928423753635834,0.546920839085481,NA,9,5,NA,NA,NA,NA,NA,1,0,700,NA
"SP","anhydrous",2019,"gmm_conv1d","ts_norm_gminmax",0.951098298919287,0.310592014679841,NA,18,4,NA,NA,NA,NA,NA,NA,NA,NA,700
"SP","anhydrous",2020,"an_lstm","ts_norm_an",0.851903936073002,0.819359303470135,NA,15,7,NA,NA,NA,NA,NA,NA,NA,NA,700
"SP","anhydrous",2020,"an_elm","ts_norm_an",0.91499215694291,-1.42599049894217,NA,18,4,20,"radbas",NA,NA,NA,NA,NA,NA,NA
"SP","anhydrous",2020,"an_svm","ts_norm_an",0.889851491027077,0.505254786820545,NA,12,8,NA,NA,"radial",0.3,6,NA,NA,NA,NA
"SP","anhydrous",2020,"an_mlp","ts_norm_an",0.907999463393432,0.549030050580949,NA,15,4,NA,NA,NA,NA,NA,1,0,700,NA
"SP","anhydrous",2020,"an_conv1d","ts_norm_an",0.970712075459997,0.761911270388521,NA,18,7,NA,NA,NA,NA,NA,NA,NA,NA,700
"SP","anhydrous",2020,"diff_lstm","ts_norm_diff",0.868517512552466,0.905569385835025,NA,9,7,NA,NA,NA,NA,NA,NA,NA,NA,700
"SP","anhydrous",2020,"diff_elm","ts_norm_diff",0.909241728408145,0.670636613550631,NA,9,7,20,"radbas",NA,NA,NA,NA,NA,NA,NA
"SP","anhydrous",2020,"diff_svm","ts_norm_diff",0.96826878253374,0.550930293464117,NA,12,10,NA,NA,"radial",0.3,4,NA,NA,NA,NA
"SP","anhydrous",2020,"diff_mlp","ts_norm_diff",0.91942001769676,0.877134354698681,NA,12,5,NA,NA,NA,NA,NA,3,0,700,NA
"SP","anhydrous",2020,"diff_conv1d","ts_norm_diff",0.990234873565769,0.674840548675939,NA,12,5,NA,NA,NA,NA,NA,NA,NA,NA,700
"SP","anhydrous",2020,"gmm_lstm","ts_norm_gminmax",0.88761141161636,0.782225524995078,NA,9,7,NA,NA,NA,NA,NA,NA,NA,NA,700
"SP","anhydrous",2020,"gmm_elm","ts_norm_gminmax",0.907574625756155,0.755689626424802,NA,9,7,13,"sig",NA,NA,NA,NA,NA,NA,NA
"SP","anhydrous",2020,"gmm_svm","ts_norm_gminmax",0.942389360307485,0.867321888293789,NA,12,8,NA,NA,"radial",0.3,6,NA,NA,NA,NA
"SP","anhydrous",2020,"gmm_mlp","ts_norm_gminmax",0.938718583802209,0.783375676010639,NA,18,4,NA,NA,NA,NA,NA,2,0,700,NA
"SP","anhydrous",2020,"gmm_conv1d","ts_norm_gminmax",0.953094862594039,0.819968716359558,NA,12,4,NA,NA,NA,NA,NA,NA,NA,NA,700
"SP","anhydrous",2021,"an_lstm","ts_norm_an",0.846579263392916,0.652599656064377,NA,15,9,NA,NA,NA,NA,NA,NA,NA,NA,700
"SP","anhydrous",2021,"an_elm","ts_norm_an",0.868294544477321,0.623523752759239,NA,15,7,13,"sig",NA,NA,NA,NA,NA,NA,NA
"SP","anhydrous",2021,"an_svm","ts_norm_an",0.872129051701299,0.415767914558987,NA,12,8,NA,NA,"radial",0.3,5,NA,NA,NA,NA
"SP","anhydrous",2021,"an_mlp","ts_norm_an",0.895198355753161,0.724115149307807,NA,15,4,NA,NA,NA,NA,NA,1,0,700,NA
"SP","anhydrous",2021,"an_conv1d","ts_norm_an",0.879513097500503,0.363345541694804,NA,12,7,NA,NA,NA,NA,NA,NA,NA,NA,700
"SP","anhydrous",2021,"diff_lstm","ts_norm_diff",-0.245452677361892,-25.4737807316302,NA,9,8,NA,NA,NA,NA,NA,NA,NA,NA,700
"SP","anhydrous",2021,"diff_elm","ts_norm_diff",0.909648424473386,0.85867154392969,NA,18,9,15,"sig",NA,NA,NA,NA,NA,NA,NA
"SP","anhydrous",2021,"diff_svm","ts_norm_diff",0.939579579631997,0.597218677652236,NA,12,9,NA,NA,"radial",0.45,2,NA,NA,NA,NA
"SP","anhydrous",2021,"diff_mlp","ts_norm_diff",0.943770581288508,0.666142335749894,NA,12,7,NA,NA,NA,NA,NA,3,0,700,NA
"SP","anhydrous",2021,"diff_conv1d","ts_norm_diff",0.978056119340672,-0.847733948546141,NA,15,5,NA,NA,NA,NA,NA,NA,NA,NA,700
"SP","anhydrous",2021,"gmm_lstm","ts_norm_gminmax",0.889606388219125,0.86805347491077,NA,9,7,NA,NA,NA,NA,NA,NA,NA,NA,700
"SP","anhydrous",2021,"gmm_elm","ts_norm_gminmax",0.907480229336731,0.906041225293917,NA,9,7,13,"sig",NA,NA,NA,NA,NA,NA,NA
"SP","anhydrous",2021,"gmm_svm","ts_norm_gminmax",0.938497601686198,0.916141801310688,NA,18,7,NA,NA,"radial",0.3,8,NA,NA,NA,NA
"SP","anhydrous",2021,"gmm_mlp","ts_norm_gminmax",0.921925580204249,0.905535160752057,NA,18,8,NA,NA,NA,NA,NA,1,0,700,NA
"SP","anhydrous",2021,"gmm_conv1d","ts_norm_gminmax",0.946713600256453,0.954364517292341,NA,9,4,NA,NA,NA,NA,NA,NA,NA,NA,700
"SP","anhydrous",2022,"an_lstm","ts_norm_an",0.843025452591826,0.848845267333453,NA,15,6,NA,NA,NA,NA,NA,NA,NA,NA,700
"SP","anhydrous",2022,"an_elm","ts_norm_an",0.87496743467935,0.721923893576377,NA,15,7,13,"sig",NA,NA,NA,NA,NA,NA,NA
"SP","anhydrous",2022,"an_svm","ts_norm_an",0.882810694782409,0.792198056976635,NA,12,7,NA,NA,"radial",0.25,5,NA,NA,NA,NA
"SP","anhydrous",2022,"an_mlp","ts_norm_an",0.8592891367128,0.73459504251833,NA,12,7,NA,NA,NA,NA,NA,1,0,700,NA
"SP","anhydrous",2022,"an_conv1d","ts_norm_an",0.578835037695203,-0.189545824292147,NA,9,7,NA,NA,NA,NA,NA,NA,NA,NA,700
"SP","anhydrous",2022,"diff_lstm","ts_norm_diff",0.875051096223617,0.711094390469994,NA,15,10,NA,NA,NA,NA,NA,NA,NA,NA,700
"SP","anhydrous",2022,"diff_elm","ts_norm_diff",0.908082949220138,0.732781072471127,NA,18,10,15,"sig",NA,NA,NA,NA,NA,NA,NA
"SP","anhydrous",2022,"diff_svm","ts_norm_diff",0.928070700282314,0.56022129191327,NA,9,7,NA,NA,"radial",0.25,1,NA,NA,NA,NA
"SP","anhydrous",2022,"diff_mlp","ts_norm_diff",0.903940150285276,0.34787267875171,NA,9,5,NA,NA,NA,NA,NA,3,0,700,NA
"SP","anhydrous",2022,"diff_conv1d","ts_norm_diff",0.984679465666866,0.0560218455547538,NA,12,9,NA,NA,NA,NA,NA,NA,NA,NA,700
"SP","anhydrous",2022,"gmm_lstm","ts_norm_gminmax",0.894493638335059,0.78250082034664,NA,18,10,NA,NA,NA,NA,NA,NA,NA,NA,700
"SP","anhydrous",2022,"gmm_elm","ts_norm_gminmax",0.905822224666881,0.55188910954252,NA,9,7,13,"sig",NA,NA,NA,NA,NA,NA,NA
"SP","anhydrous",2022,"gmm_svm","ts_norm_gminmax",0.929609772329158,0.346754012413052,NA,15,4,NA,NA,"radial",0.25,10,NA,NA,NA,NA
"SP","anhydrous",2022,"gmm_mlp","ts_norm_gminmax",0.920914821022019,0.447335835194978,NA,9,8,NA,NA,NA,NA,NA,1,0,700,NA
"SP","anhydrous",2022,"gmm_conv1d","ts_norm_gminmax",0.945116039333352,0.328415964139258,NA,9,4,NA,NA,NA,NA,NA,NA,NA,NA,700
"SP","anhydrous",2023,"an_lstm","ts_norm_an",0.860766287490656,0.827821957065192,NA,15,8,NA,NA,NA,NA,NA,NA,NA,NA,700
"SP","anhydrous",2023,"an_elm","ts_norm_an",0.86168427588282,0.801869439795006,NA,15,7,13,"sig",NA,NA,NA,NA,NA,NA,NA
"SP","anhydrous",2023,"an_svm","ts_norm_an",0.863110863958762,0.632245600482531,NA,9,4,NA,NA,"radial",0.2,10,NA,NA,NA,NA
"SP","anhydrous",2023,"an_mlp","ts_norm_an",0.888044480132564,0.746781646062507,NA,15,7,NA,NA,NA,NA,NA,1,0,700,NA
"SP","anhydrous",2023,"an_conv1d","ts_norm_an",0.455684170090414,-0.424972256480454,NA,9,7,NA,NA,NA,NA,NA,NA,NA,NA,700
"SP","anhydrous",2023,"diff_lstm","ts_norm_diff",0.857090622702887,0.709927065250731,NA,18,9,NA,NA,NA,NA,NA,NA,NA,NA,700
"SP","anhydrous",2023,"diff_elm","ts_norm_diff",0.904500733838619,0.830172077657165,NA,18,9,15,"sig",NA,NA,NA,NA,NA,NA,NA
"SP","anhydrous",2023,"diff_svm","ts_norm_diff",0.953849813296487,0.701261343565129,NA,12,10,NA,NA,"radial",0.35,3,NA,NA,NA,NA
"SP","anhydrous",2023,"diff_mlp","ts_norm_diff",0.938058349475364,0.704105923533531,NA,9,7,NA,NA,NA,NA,NA,3,0,700,NA
"SP","anhydrous",2023,"diff_conv1d","ts_norm_diff",0.960314918521908,-0.567327421315643,NA,18,3,NA,NA,NA,NA,NA,NA,NA,NA,700
"SP","anhydrous",2023,"gmm_lstm","ts_norm_gminmax",0.884199640372606,0.909575865143244,NA,12,7,NA,NA,NA,NA,NA,NA,NA,NA,700
"SP","anhydrous",2023,"gmm_elm","ts_norm_gminmax",0.897588834512547,0.920665058455701,NA,9,7,13,"sig",NA,NA,NA,NA,NA,NA,NA
"SP","anhydrous",2023,"gmm_svm","ts_norm_gminmax",0.926365964509725,0.83048429218723,NA,15,4,NA,NA,"radial",0.2,5,NA,NA,NA,NA
"SP","anhydrous",2023,"gmm_mlp","ts_norm_gminmax",0.922079840489628,0.89995947132898,NA,12,8,NA,NA,NA,NA,NA,1,0,700,NA
"SP","anhydrous",2023,"gmm_conv1d","ts_norm_gminmax",0.94142294401167,-8.5082098238476,NA,12,4,NA,NA,NA,NA,NA,NA,NA,NA,700
"SP","hydrous",2019,"an_lstm","ts_norm_an",0.813740092284961,0.750339258106987,NA,15,9,NA,NA,NA,NA,NA,NA,NA,NA,700
"SP","hydrous",2019,"an_elm","ts_norm_an",0.785368040403653,0.712189457001714,NA,12,5,19,"radbas",NA,NA,NA,NA,NA,NA,NA
"SP","hydrous",2019,"an_svm","ts_norm_an",0.919274832426515,0.591119590096632,NA,15,5,NA,NA,"radial",0.35,10,NA,NA,NA,NA
"SP","hydrous",2019,"an_mlp","ts_norm_an",0.939617570042825,-0.539023746750912,NA,18,8,NA,NA,NA,NA,NA,2,0,700,NA
"SP","hydrous",2019,"an_conv1d","ts_norm_an",0.962890473242447,-0.562180982646278,NA,18,9,NA,NA,NA,NA,NA,NA,NA,NA,700
"SP","hydrous",2019,"diff_lstm","ts_norm_diff",0.890794072401473,0.673825794178247,NA,12,9,NA,NA,NA,NA,NA,NA,NA,NA,700
"SP","hydrous",2019,"diff_elm","ts_norm_diff",0.908889672385581,0.11741245918775,NA,12,10,12,"radbas",NA,NA,NA,NA,NA,NA,NA
"SP","hydrous",2019,"diff_svm","ts_norm_diff",0.94975895435426,0.595001892862476,NA,18,9,NA,NA,"radial",0.35,2,NA,NA,NA,NA
"SP","hydrous",2019,"diff_mlp","ts_norm_diff",0.947743214375838,-4.17757809388207,NA,12,9,NA,NA,NA,NA,NA,2,0,700,NA
"SP","hydrous",2019,"diff_conv1d","ts_norm_diff",0.99940237357572,0.426794913827656,NA,15,10,NA,NA,NA,NA,NA,NA,NA,NA,700
"SP","hydrous",2019,"gmm_lstm","ts_norm_gminmax",0.903844439943977,0.603658167381696,NA,12,10,NA,NA,NA,NA,NA,NA,NA,NA,700
"SP","hydrous",2019,"gmm_elm","ts_norm_gminmax",0.901146317448281,0.7426401841076,NA,12,7,18,"sig",NA,NA,NA,NA,NA,NA,NA
"SP","hydrous",2019,"gmm_svm","ts_norm_gminmax",0.94738157186404,-0.373334181590378,NA,18,9,NA,NA,"radial",0.3,10,NA,NA,NA,NA
"SP","hydrous",2019,"gmm_mlp","ts_norm_gminmax",0.931672424530712,0.483536266463528,NA,9,6,NA,NA,NA,NA,NA,2,0,700,NA
"SP","hydrous",2019,"gmm_conv1d","ts_norm_gminmax",0.967729394657524,0.688374382096343,NA,15,6,NA,NA,NA,NA,NA,NA,NA,NA,700
"SP","hydrous",2020,"an_lstm","ts_norm_an",0.830627785880166,0.640384847246195,NA,15,8,NA,NA,NA,NA,NA,NA,NA,NA,700
"SP","hydrous",2020,"an_elm","ts_norm_an",0.783946279533109,-528.833167384702,NA,9,5,19,"radbas",NA,NA,NA,NA,NA,NA,NA
"SP","hydrous",2020,"an_svm","ts_norm_an",0.903110299552828,0.605402375249592,NA,15,8,NA,NA,"radial",0,2,NA,NA,NA,NA
"SP","hydrous",2020,"an_mlp","ts_norm_an",0.903991464000284,-1.55928031325892,NA,9,6,NA,NA,NA,NA,NA,4,0,700,NA
"SP","hydrous",2020,"an_conv1d","ts_norm_an",0.899099160937254,-2.60884788075258,NA,12,7,NA,NA,NA,NA,NA,NA,NA,NA,700
"SP","hydrous",2020,"diff_lstm","ts_norm_diff",0.889245849926244,0.793509136008536,NA,12,10,NA,NA,NA,NA,NA,NA,NA,NA,700
"SP","hydrous",2020,"diff_elm","ts_norm_diff",0.924699992458532,-423.519993874533,NA,15,9,20,"sig",NA,NA,NA,NA,NA,NA,NA
"SP","hydrous",2020,"diff_svm","ts_norm_diff",0.944511112015827,-0.167496867188478,NA,12,10,NA,NA,"radial",0.15,1,NA,NA,NA,NA
"SP","hydrous",2020,"diff_mlp","ts_norm_diff",0.91425575014377,0.601442566610779,NA,15,6,NA,NA,NA,NA,NA,2,0,700,NA
"SP","hydrous",2020,"diff_conv1d","ts_norm_diff",0.999358196828205,0.151646003347463,NA,12,10,NA,NA,NA,NA,NA,NA,NA,NA,700
"SP","hydrous",2020,"gmm_lstm","ts_norm_gminmax",0.893632442500296,0.833422119692914,NA,18,9,NA,NA,NA,NA,NA,NA,NA,NA,700
"SP","hydrous",2020,"gmm_elm","ts_norm_gminmax",0.924627971070251,-8.12097987535457,NA,15,5,19,"radbas",NA,NA,NA,NA,NA,NA,NA
"SP","hydrous",2020,"gmm_svm","ts_norm_gminmax",0.959496082822712,0.922390071664541,NA,18,8,NA,NA,"radial",0.25,10,NA,NA,NA,NA
"SP","hydrous",2020,"gmm_mlp","ts_norm_gminmax",0.932703474097238,-50.6675557624889,NA,9,7,NA,NA,NA,NA,NA,2,0,700,NA
"SP","hydrous",2020,"gmm_conv1d","ts_norm_gminmax",0.971882238624696,0.692835150149907,NA,12,7,NA,NA,NA,NA,NA,NA,NA,NA,700
"SP","hydrous",2021,"an_lstm","ts_norm_an",0.832985571006318,0.364080315152786,NA,15,8,NA,NA,NA,NA,NA,NA,NA,NA,700
"SP","hydrous",2021,"an_elm","ts_norm_an",0.885729746150897,0.227336134843935,NA,15,7,18,"sig",NA,NA,NA,NA,NA,NA,NA
"SP","hydrous",2021,"an_svm","ts_norm_an",0.88815330075885,0.687708745022109,NA,9,8,NA,NA,"radial",0.15,8,NA,NA,NA,NA
"SP","hydrous",2021,"an_mlp","ts_norm_an",0.91188591048247,-0.275091906225669,NA,12,4,NA,NA,NA,NA,NA,3,0,700,NA
"SP","hydrous",2021,"an_conv1d","ts_norm_an",0.936749875791643,0.576508819357919,NA,15,4,NA,NA,NA,NA,NA,NA,NA,NA,700
"SP","hydrous",2021,"diff_lstm","ts_norm_diff",0.902965082040467,0.743811079162145,NA,18,9,NA,NA,NA,NA,NA,NA,NA,NA,700
"SP","hydrous",2021,"diff_elm","ts_norm_diff",0.896131472175208,0.432415205774081,NA,18,10,12,"sig",NA,NA,NA,NA,NA,NA,NA
"SP","hydrous",2021,"diff_svm","ts_norm_diff",0.945506502722018,0.843486160802546,NA,18,10,NA,NA,"radial",0.05,1,NA,NA,NA,NA
"SP","hydrous",2021,"diff_mlp","ts_norm_diff",0.915758768498449,0.129306848119358,NA,9,5,NA,NA,NA,NA,NA,2,0,700,NA
"SP","hydrous",2021,"diff_conv1d","ts_norm_diff",0.997495697849174,0.615247911942051,NA,15,10,NA,NA,NA,NA,NA,NA,NA,NA,700
"SP","hydrous",2021,"gmm_lstm","ts_norm_gminmax",0.908929862131452,0.59023484317225,NA,18,9,NA,NA,NA,NA,NA,NA,NA,NA,700
"SP","hydrous",2021,"gmm_elm","ts_norm_gminmax",0.923741346718814,-0.0543571612707372,NA,12,7,18,"sig",NA,NA,NA,NA,NA,NA,NA
"SP","hydrous",2021,"gmm_svm","ts_norm_gminmax",0.969579390100546,0.581921459932064,NA,18,8,NA,NA,"radial",0.2,10,NA,NA,NA,NA
"SP","hydrous",2021,"gmm_mlp","ts_norm_gminmax",0.939404266120528,0.0800476537925695,NA,9,7,NA,NA,NA,NA,NA,2,0,700,NA
"SP","hydrous",2021,"gmm_conv1d","ts_norm_gminmax",0.983352961133987,-0.346726574071141,NA,9,7,NA,NA,NA,NA,NA,NA,NA,NA,700
"SP","hydrous",2022,"an_lstm","ts_norm_an",0.833422018459474,0.896300698176324,NA,12,10,NA,NA,NA,NA,NA,NA,NA,NA,700
"SP","hydrous",2022,"an_elm","ts_norm_an",0.743859112504329,0.239685560243743,NA,12,8,16,"sig",NA,NA,NA,NA,NA,NA,NA
"SP","hydrous",2022,"an_svm","ts_norm_an",0.957477414586174,0.247252768352348,NA,18,10,NA,NA,"radial",0.25,10,NA,NA,NA,NA
"SP","hydrous",2022,"an_mlp","ts_norm_an",0.437179592078844,-0.25477300676648,NA,9,9,NA,NA,NA,NA,NA,3,0,700,NA
"SP","hydrous",2022,"an_conv1d","ts_norm_an",0.91293353761561,0.22117766709636,NA,15,5,NA,NA,NA,NA,NA,NA,NA,NA,700
"SP","hydrous",2022,"diff_lstm","ts_norm_diff",0.79106767489256,0.809271893164175,NA,15,9,NA,NA,NA,NA,NA,NA,NA,NA,700
"SP","hydrous",2022,"diff_elm","ts_norm_diff",0.900201833285033,0.783537088511061,NA,12,10,16,"sig",NA,NA,NA,NA,NA,NA,NA
"SP","hydrous",2022,"diff_svm","ts_norm_diff",0.941251969657207,0.80431619266023,NA,12,10,NA,NA,"radial",0,1,NA,NA,NA,NA
"SP","hydrous",2022,"diff_mlp","ts_norm_diff",0.906800627253199,0.307853075008085,NA,9,5,NA,NA,NA,NA,NA,2,0,700,NA
"SP","hydrous",2022,"diff_conv1d","ts_norm_diff",0.995903628039919,0.5940840319902,NA,12,8,NA,NA,NA,NA,NA,NA,NA,NA,700
"SP","hydrous",2022,"gmm_lstm","ts_norm_gminmax",0.886127419681617,0.560154026267359,NA,18,10,NA,NA,NA,NA,NA,NA,NA,NA,700
"SP","hydrous",2022,"gmm_elm","ts_norm_gminmax",0.914512480535373,0.079984525307869,NA,12,7,18,"sig",NA,NA,NA,NA,NA,NA,NA
"SP","hydrous",2022,"gmm_svm","ts_norm_gminmax",0.957963298117527,0.3112957919286,NA,18,8,NA,NA,"radial",0.25,10,NA,NA,NA,NA
"SP","hydrous",2022,"gmm_mlp","ts_norm_gminmax",0.940176294755273,-0.122212825521206,NA,18,7,NA,NA,NA,NA,NA,2,0,700,NA
"SP","hydrous",2022,"gmm_conv1d","ts_norm_gminmax",0.982198030834799,-1.27454244859367,NA,12,7,NA,NA,NA,NA,NA,NA,NA,NA,700
"SP","hydrous",2023,"an_lstm","ts_norm_an",0.79898247119745,0.871530328933475,NA,15,8,NA,NA,NA,NA,NA,NA,NA,NA,700
"SP","hydrous",2023,"an_elm","ts_norm_an",0.880145417644063,0.863227526261207,NA,15,6,16,"sig",NA,NA,NA,NA,NA,NA,NA
"SP","hydrous",2023,"an_svm","ts_norm_an",0.807662942623362,0.0298838854117763,NA,12,10,NA,NA,"radial",0.2,8,NA,NA,NA,NA
"SP","hydrous",2023,"an_mlp","ts_norm_an",0.879568163183723,-0.652020601410276,NA,12,8,NA,NA,NA,NA,NA,4,0,700,NA
"SP","hydrous",2023,"an_conv1d","ts_norm_an",0.904205192416714,0.760490432245223,NA,15,5,NA,NA,NA,NA,NA,NA,NA,NA,700
"SP","hydrous",2023,"diff_lstm","ts_norm_diff",0.313398277410991,-13.9778902900704,NA,9,8,NA,NA,NA,NA,NA,NA,NA,NA,700
"SP","hydrous",2023,"diff_elm","ts_norm_diff",0.894766059149261,0.765487237297764,NA,15,10,19,"sig",NA,NA,NA,NA,NA,NA,NA
"SP","hydrous",2023,"diff_svm","ts_norm_diff",0.96045791554832,0.759059966586494,NA,12,10,NA,NA,"radial",0,2,NA,NA,NA,NA
"SP","hydrous",2023,"diff_mlp","ts_norm_diff",0.900856891207393,0.291593845577346,NA,9,6,NA,NA,NA,NA,NA,2,0,700,NA
"SP","hydrous",2023,"diff_conv1d","ts_norm_diff",0.995533839462664,0.275045865339078,NA,12,9,NA,NA,NA,NA,NA,NA,NA,NA,700
"SP","hydrous",2023,"gmm_lstm","ts_norm_gminmax",-0.706931471502643,-0.295838715830457,NA,9,9,NA,NA,NA,NA,NA,NA,NA,NA,700
"SP","hydrous",2023,"gmm_elm","ts_norm_gminmax",0.896784726681489,0.709446243526292,NA,12,7,18,"sig",NA,NA,NA,NA,NA,NA,NA
"SP","hydrous",2023,"gmm_svm","ts_norm_gminmax",0.953016388648048,0.336398112897931,NA,12,8,NA,NA,"radial",0.2,8,NA,NA,NA,NA
"SP","hydrous",2023,"gmm_mlp","ts_norm_gminmax",0.937754626187237,0.403426516033274,NA,9,5,NA,NA,NA,NA,NA,4,0,700,NA
"SP","hydrous",2023,"gmm_conv1d","ts_norm_gminmax",0.947907596115447,-0.64330357947375,NA,15,4,NA,NA,NA,NA,NA,NA,NA,NA,700
